{
    "loss": 0.356,
    "learning_rate": 8.737864077669904e-07,
    "epoch": 10.0,
    "step": 6,
    "train": {
        "runtime": 1024.7896,
        "samples_per_second": 48.176,
        "steps_per_second": 3.015,
        "loss": 0.4011298034569206
    }
}
