step	learning_rate
0	2.5145631067961167e-05
1	2.029126213592233e-05
2	1.5436893203883496e-05
3	1.058252427184466e-05
4	5.728155339805826e-06
5	8.737864077669904e-07
