step	learning_rate
0	1.6763754045307445e-05
1	1.3527508090614887e-05
2	1.029126213592233e-05
3	7.055016181229773e-06
4	3.818770226537217e-06
5	5.825242718446603e-07
